<beans xmlns="http://www.springframework.org/schema/beans"
xmlns:xsi="http://www.w3.org/2001/XMLSchema-instance" xmlns:context="http://www.springframework.org/schema/context"
xsi:schemaLocation="http://www.springframework.org/schema/beans
    http://www.springframework.org/schema/beans/spring-beans-3.0.xsd
    http://www.springframework.org/schema/context
    http://www.springframework.org/schema/context/spring-context-3.0.xsd">
    <context:annotation-config></context:annotation-config>
   
    <bean class="Employee" id="emp">
   <constructor-arg name="eid" value="123"></constructor-arg>
    <constructor-arg name="ename" value="Shubham"></constructor-arg>
   </bean>
   
   <bean class="Address" id="add">
   <constructor-arg  value="25"></constructor-arg>
   <constructor-arg  value="jnkpuram"></constructor-arg>
   <constructor-arg  value="lucknow"></constructor-arg>
   </bean>
</beans>