<beans xmlns="http://www.springframework.org/schema/beans"
xmlns:xsi="http://www.w3.org/2001/XMLSchema-instance" xmlns:context="http://www.springframework.org/schema/context"
xsi:schemaLocation="http://www.springframework.org/schema/beans
    http://www.springframework.org/schema/beans/spring-beans-3.0.xsd
    http://www.springframework.org/schema/context
    http://www.springframework.org/schema/context/spring-context-3.0.xsd">
   
<bean class="Student" id="s1" >
<property name="stuId" value="121"></property>
<property name="stuName" value="Shubham"></property>
<property name="stuMarks" value="500"></property>
</bean>

<bean class="Student" id="s2">
<constructor-arg value="321"></constructor-arg>
<constructor-arg value="bonny"></constructor-arg>
<constructor-arg value="600"></constructor-arg>

</bean>  
</beans>