<beans xmlns="http://www.springframework.org/schema/beans"
xmlns:xsi="http://www.w3.org/2001/XMLSchema-instance" xmlns:context="http://www.springframework.org/schema/context"
xsi:schemaLocation="http://www.springframework.org/schema/beans
    http://www.springframework.org/schema/beans/spring-beans-3.0.xsd
    http://www.springframework.org/schema/context
    http://www.springframework.org/schema/context/spring-context-3.0.xsd">
    <context:annotation-config></context:annotation-config>
   
<!--     <bean class="Person" id="p1">
   <property name="id" value="123"></property>
    <property name="name" value="Shubham"></property>
    <property name="add" ref="add1" ></property>
  </bean>
  
  <bean class="Address" id="add1">
  <property name="hno" value="26"></property>
  <property name="colony" value="jankipuram"></property>
  <property name="city" value="lko"></property>
  </bean> -->
  
      <bean class="Person" id="p1">
   <constructor-arg name="id" value="123"></constructor-arg>
    <constructor-arg name="name" value="Shubham"></constructor-arg>
  </bean>
  
  <bean class="Address" id="add">
  <constructor-arg  value="26"></constructor-arg>
  <constructor-arg  value="jankipuram"></constructor-arg>
  <constructor-arg  value="lko"></constructor-arg>
  </bean>
  </beans>