<beans xmlns="http://www.springframework.org/schema/beans"
xmlns:xsi="http://www.w3.org/2001/XMLSchema-instance" xmlns:context="http://www.springframework.org/schema/context"
xsi:schemaLocation="http://www.springframework.org/schema/beans
    http://www.springframework.org/schema/beans/spring-beans-3.0.xsd
    http://www.springframework.org/schema/context
    http://www.springframework.org/schema/context/spring-context-3.0.xsd">
   
    <bean class="Employee" id="emp" autowire="byType">
   <property name="eid" value="123"></property>
    <property name="ename" value="Shubham"></property>
    <property name="add">
    <list>
    <value>House no:26,sector-c, lucknow</value>
    <value>House no:28,sector-c,aliganj, lucknow</value>
    <value>House no:35,sector-c,hazratganj, lucknow</value>
    <value>House no:40,sector-c,aminabad, lucknow</value>
    <value>House no:40,sector-c,aminabad, lucknow</value>
    </list>
    </property>
  </bean>
  
  <bean id="emp2" class="Employee">
 <property name="eid" value="123"></property>
    <property name="ename" value="Shubham"></property>
    <property name="addr">
    <map>
    <entry key="house:1"  value="Aliganj"></entry>
    <entry key="house:1"  value="House no:28,sector-c,aliganj, lucknow"></entry>
    <entry key="house:1"  value="House no:40,sector-c,aminabad, lucknow"></entry>
    <entry key="house:1"  value="House no:40,sector-c,aminabad, lucknow"></entry>
    
    </map>
    </property>
  
  </bean>
  </beans>