<beans xmlns="http://www.springframework.org/schema/beans"
xmlns:xsi="http://www.w3.org/2001/XMLSchema-instance" xmlns:context="http://www.springframework.org/schema/context"
xsi:schemaLocation="http://www.springframework.org/schema/beans
    http://www.springframework.org/schema/beans/spring-beans-3.0.xsd
    http://www.springframework.org/schema/context
    http://www.springframework.org/schema/context/spring-context-3.0.xsd">
   
    <bean class="Employee" id="emp" autowire="constructor" >
   <constructor-arg name="eid" value="123"></constructor-arg>
    <constructor-arg name="ename" value="Shubham"></constructor-arg>
    
<!--    <constructor-arg ref="add"></constructor-arg>
    <constructor-arg ref="address"></constructor-arg> -->
  
    
   </bean>
   
   <bean class="Address" id="add">
   <constructor-arg  value="25"></constructor-arg>
   <constructor-arg  value="jnkpuram"></constructor-arg>
   <constructor-arg  value="lucknow"></constructor-arg>
   </bean>
   
   <bean class="TAddress" id="address">
   <constructor-arg  value="27"></constructor-arg>
   <constructor-arg  value="aliganj"></constructor-arg>
   <constructor-arg  value="lucknow"></constructor-arg>
   </bean>
</beans>