<beans xmlns="http://www.springframework.org/schema/beans"
xmlns:xsi="http://www.w3.org/2001/XMLSchema-instance" xmlns:context="http://www.springframework.org/schema/context"
xsi:schemaLocation="http://www.springframework.org/schema/beans
    http://www.springframework.org/schema/beans/spring-beans-3.0.xsd
    http://www.springframework.org/schema/context
    http://www.springframework.org/schema/context/spring-context-3.0.xsd">
   
    <bean class="Employee" id="emp" autowire="byType">
   <property name="eid" value="123"></property>
    <property name="ename" value="Shubham"></property>
    <property name="add" ref="add"></property>
    <property name="address" ref="add2"></property>
    
   </bean>
   
   <bean class="Address" id="add">
   <property name="hno" value="25"></property>
   <property name="colony" value="jnkpuram"></property>
   <property name="city" value="lucknow"></property>
   
   </bean>
   
   <bean class="TAddress" id="add2">
   <property name="hno" value="27"></property>
   <property name="colony" value="aliganj"></property>
   <property name="city" value="lucknow"></property>
   </bean>
   
  
</beans>